order,superfamily,family,genus,fad,lad
Miliolida,Alveolinoidea,Alveolinidae,Alveolinella,13.82,0
Miliolida,Alveolinoidea,Alveolinidae,Flosculinella,20.44,13.27
Miliolida,Alveolinoidea,Alveolinidae,Alveolina,59.18,33.9
Miliolida,Alveolinoidea,Alveolinidae,Borelis,41.2,0
Miliolida,Alveolinoidea,Alveolinidae,Bullalveolina,33.9,23.03
Miliolida,Alveolinoidea,Alveolinidae,Globoreticulina,47.8,37.8
Miliolida,Alveolinoidea,Alveolinidae,Glomalveolina,61.6,37.8
Miliolida,Alveolinoidea,Alveolinidae,Malatyna,47.8,41.2
Miliolida,Alveolinoidea,Alveolinidae,Praebullalveolina,41.2,33.9
Miliolida,Alveolinoidea,Alveolinidae,Archaealveolina,126.3,113
Miliolida,Alveolinoidea,Alveolinidae,Cisalveolina,100.5,93.9
Miliolida,Alveolinoidea,Alveolinidae,Helenalveolina,88,85
Miliolida,Alveolinoidea,Alveolinidae,Multispirina,100.5,93.9
Miliolida,Alveolinoidea,Alveolinidae,Ovalveolina,113,93.9
Miliolida,Alveolinoidea,Alveolinidae,Praealveolina,111.5,89.8
Miliolida,Alveolinoidea,Alveolinidae,Senalveolina,86,83.6
Miliolida,Alveolinoidea,Alveolinidae,Simplalveolina,100.5,93.9
Miliolida,Alveolinoidea,Alveolinidae,Streptalveolina,100.5,96
Miliolida,Alveolinoidea,Alveolinidae,Subalveolina,84.3,72.1
Miliolida,Alveolinoidea,Fabulariidae,Fabularia,47.8,33.9
Miliolida,Alveolinoidea,Fabulariidae,Lacazina,89.8,28.1
Miliolida,Alveolinoidea,Fabulariidae,Lacazinella,59.2,33.9
Miliolida,Alveolinoidea,Fabulariidae,Neolacazopsis,47.8,33.9
Miliolida,Alveolinoidea,Fabulariidae,Pseudofabularia,47.8,37.8
Miliolida,Alveolinoidea,Fabulariidae,Pseudolacazina,86.3,33.9
Miliolida,Alveolinoidea,Fabulariidae,Adrahentina,72.1,66
Miliolida,Alveolinoidea,Fabulariidae,Pseudochubbina,83.6,72.1
Miliolida,Alveolinoidea,Rhapydioninidae,Chubbina,83.6,66
Miliolida,Alveolinoidea,Rhapydioninidae,Murciella,83.6,72.1
Miliolida,Alveolinoidea,Rhapydioninidae,Pseudedomia,100.5,66
Miliolida,Alveolinoidea,Rhapydioninidae,Raadshoovenia,83.6,72.1
Miliolida,Alveolinoidea,Rhapydioninidae,Rhapydionina,98,66
Miliolida,Cornuspiroidea,Discospirinidae,Discospirina,15.97,0
Miliolida,Cornuspiroidea,Arenovidalinidae,Arenovidalina,252.2,241.5
Miliolida,Cornuspiroidea,Arenovidalinidae,Paratriasina,242,239
Miliolida,Cornuspiroidea,Ophthalmidiidae,Eoophthalmidium,247.1,241.5
Miliolida,Cornuspiroidea,Ophthalmidiidae,Karaburunia,245,241.5
Miliolida,Cornuspiroidea,Ophthalmidiidae,Ophthalmidium,237,152.1
Miliolida,Cornuspiroidea,Meandrospiridae,Meandrospira,290.1,0
Miliolida,Cornuspiroidea,Meandrospiridae,Meandrospiranella,247.1,93.9
Miliolida,Cornuspiroidea,Meandrospiridae,Turriglomina,247.1,201.3
Miliolida,Cornuspiroidea,Cornuspiridae,Planiinvoluta,209.5,201.3
Miliolida,Cornuspiroidea,Cornuspiridae,Cornuspira,315.2,0
Miliolida,Cornuspiroidea,Cornuspiridae,Rectocornuspira,315.2,250
Miliolida,Cornuspiroidea,Hemigordiidae,Hemigordius,334,298.9
Miliolida,Cornuspiroidea,Hemigordiidae,Neohemigordius,298.9,290.1
Miliolida,Cornuspiroidea,Hemigordiidae,Pseudovidalina,279.3,272.3
Miliolida,Cornuspiroidea,Hemigordiopsidae,Agathammina,329,201.3
Miliolida,Cornuspiroidea,Hemigordiopsidae,Multidiscus,346.7,0
Miliolida,Cornuspiroidea,Hemigordiopsidae,Hemigordiopsis,272.3,259.8
Miliolida,Cornuspiroidea,Hemigordiopsidae,Shanita,259.8,252.2
Miliolida,Cornuspiroidea,Hoynellidae,Hoynella,252.2,174.1
Miliolida,Milioloidea,Rivieroinidae,Riveroina,0.012,0
Miliolida,Milioloidea,Rivieroinidae,Pseudohauerinella,0.012,0
Miliolida,Milioloidea,Rivieroinidae,Pseudohauerina,33.9,0
Miliolida,Milioloidea,Spiroloculinidae,Elazigella,59.2,56
Miliolida,Milioloidea,Austrotrillinidae,Austrotrillina,29.8,13.82
Miliolida,Milioloidea,Hauerinidae,Heterillina,47.8,23.03
Miliolida,Milioloidea,Hauerinidae,Kayseriella,66,61.6
Miliolida,Milioloidea,Nautiloculinidae,Nautiloculina,189,100.5
Miliolida,Soritoidea,Peneroplidae,Laevipeneroplis,23.03,0
Miliolida,Soritoidea,Peneroplidae,Archiacina,33.9,23.03
Miliolida,Soritoidea,Peneroplidae,Dendritina,47.8,0
Miliolida,Soritoidea,Peneroplidae,Haymanella,66,56
Miliolida,Soritoidea,Peneroplidae,Hottingerina,61.6,56
Miliolida,Soritoidea,Peneroplidae,Penarchaias,41.2,37.8
Miliolida,Soritoidea,Peneroplidae,Peneroplis,56,0
Miliolida,Soritoidea,Peneroplidae,Puteolina,33.9,0
Miliolida,Soritoidea,Peneroplidae,Raoia,66,56
Miliolida,Soritoidea,Peneroplidae,Spirolina,56,0
Miliolida,Soritoidea,Soritidae,Androsina,2.59,0
Miliolida,Soritoidea,Soritidae,Androsinopsis,11.63,5.33
Miliolida,Soritoidea,Soritidae,Annulosorites,11.63,5.33
Miliolida,Soritoidea,Soritidae,Archaias,47.8,0
Miliolida,Soritoidea,Soritidae,Cycloputeolina,23.03,0
Miliolida,Soritoidea,Soritidae,Fusarchaias,33.9,5.333
Miliolida,Soritoidea,Soritidae,Marginopora,23.03,0
Miliolida,Soritoidea,Soritidae,Miarchaias,11.63,5.33
Miliolida,Soritoidea,Soritidae,Miosorites,20.44,2.588
Miliolida,Soritoidea,Soritidae,Parasorites,11.63,0
Miliolida,Soritoidea,Soritidae,Pseudotaberina,23.03,15.97
Miliolida,Soritoidea,Soritidae,Sorites,33.9,0
Miliolida,Soritoidea,Soritidae,Amphisorus,28.1,0
Miliolida,Soritoidea,Soritidae,Cyclorbiculina,28.1,0
Miliolida,Soritoidea,Soritidae,Cyclorbiculinoides,47.8,33.9
Miliolida,Soritoidea,Soritidae,Mardinella,59.2,56
Miliolida,Soritoidea,Soritidae,Neorhipidionina,47.8,37.8
Miliolida,Soritoidea,Soritidae,Neotaberina,41.2,37.8
Miliolida,Soritoidea,Soritidae,Opertorbitolites,59.2,47.8
Miliolida,Soritoidea,Soritidae,Orbitolites,56,37.8
Miliolida,Soritoidea,Soritidae,Praerhapydionina,47.8,15.97
Miliolida,Soritoidea,Soritidae,Rhabdorites,47.8,37.8
Miliolida,Soritoidea,Soritidae,Somalina,47.8,41.2
Miliolida,Soritoidea,Soritidae,Taberina,66,61.6
Miliolida,Soritoidea,Soritidae,Twaraina,56,33.9
Miliolida,Soritoidea,Soritidae,Yaberinella,47.8,33.9
Miliolida,Soritoidea,Soritidae,Cycledomia,96,91.6
Miliolida,Soritoidea,Soritidae,Edomia,100.5,89.8
Miliolida,Soritoidea,Soritidae,Lamarmorella,89.8,83.6
Miliolida,Soritoidea,Soritidae,Murgella,89.8,66
Miliolida,Soritoidea,Soritidae,Praetaberina,96,93.9
Miliolida,Soritoidea,Soritidae,Pseudorhapydionina,96,93.9
Miliolida,Soritoidea,Soritidae,Pseudorhipidionina,100.5,93.9
Miliolida,Soritoidea,Soritidae,Scandonea,83.6,61.6
Miliolida,Soritoidea,Soritidae,Tarburina,70.1,66
Miliolida,Soritoidea,Soritidae,Zekritia,93.9,89.8
Miliolida,Soritoidea,Meandropsinidae,Ayalaina,83.6,66
Miliolida,Soritoidea,Meandropsinidae,Broeckina,100.5,66
Miliolida,Soritoidea,Meandropsinidae,Fallotia,86.3,83.6
Miliolida,Soritoidea,Meandropsinidae,Larrazetia,83.6,66
Miliolida,Soritoidea,Meandropsinidae,Meandropsina,89.8,66
Miliolida,Soritoidea,Meandropsinidae,Nummofallotia,89.8,66
Miliolida,Soritoidea,Meandropsinidae,Pastrikella,99.3,93.9
Miliolida,Soritoidea,Meandropsinidae,Perouvianella,86.3,83.6
Miliolida,Soritoidea,Meandropsinidae,Pseudobroeckinella,86.3,83.6
Miliolida,Soritoidea,Meandropsinidae,Spirapertolina,86.3,83.6
Miliolida,Soritoidea,Keramosphaeridae,Kanakaia,23.03,20.44
Miliolida,Soritoidea,Keramosphaeridae,Keramosphaerina,89.8,66
Miliolida,Soritoidea,Keramosphaeridae,Pavlovecina,145,139.4
Miliolida,Soritoidea,Milioliporidae,Galeanella,228.4,201.3
Miliolida,Soritoidea,Milioliporidae,Kamurana,259.8,247.1
Rotaliida,Asterigerinoidea,Lepidocyclinidae,Eulinderina,47.8,11.63
Rotaliida,Asterigerinoidea,Lepidocyclinidae,Helicolepidina,47.8,33.9
Rotaliida,Asterigerinoidea,Lepidocyclinidae,Helicostegina,56,33.9
Rotaliida,Asterigerinoidea,Lepidocyclinidae,Helicosteginopsis,37.8,33.9
Rotaliida,Asterigerinoidea,Lepidocyclinidae,Polylepidina,41.2,37.8
Rotaliida,Asterigerinoidea,Lepidocyclinidae,Astrolepidina,33.9,23.03
Rotaliida,Asterigerinoidea,Lepidocyclinidae,Eulepidina,33.9,18.3
Rotaliida,Asterigerinoidea,Lepidocyclinidae,Lepidocyclina,47.8,5.333
Rotaliida,Asterigerinoidea,Lepidocyclinidae,Pseudolepidina,47.8,37.8
Rotaliida,Asterigerinoidea,Amphisteginidae,Amphistegina,56,0
Rotaliida,Asterigerinoidea,Boreloididae,Boreloides,47.8,33.9
Rotaliida,Asterigerinoidea,Boreloididae,Eoconuloides,59.2,33.9
Rotaliida,Nummulitoidea,Cycloclypeidae,Cycloclypeus,33.9,0
Rotaliida,Nummulitoidea,Cycloclypeidae,Katacycloclypeus,14.6,11.63
Rotaliida,Nummulitoidea,Nummulitidae,Heterocyclina,0.0118,0
Rotaliida,Nummulitoidea,Nummulitidae,Bozorgniella,23.03,20.44
Rotaliida,Nummulitoidea,Nummulitidae,Planoperculina,0.0118,0
Rotaliida,Nummulitoidea,Nummulitidae,Radiocycloclypeus,20.44,11.63
Rotaliida,Nummulitoidea,Nummulitidae,Operculinella,33.9,0
Rotaliida,Nummulitoidea,Nummulitidae,Grzybowskia,37.8,33.9
Rotaliida,Nummulitoidea,Nummulitidae,Heterostegina,37.8,0
Rotaliida,Nummulitoidea,Nummulitidae,Spiroclypeus,37.8,15.97
Rotaliida,Nummulitoidea,Nummulitidae,Tansinhokella,37.8,15.97
Rotaliida,Nummulitoidea,Nummulitidae,Assilina,59.2,11.63
Rotaliida,Nummulitoidea,Nummulitidae,Chordoperculinoides,61.6,56
Rotaliida,Nummulitoidea,Nummulitidae,Nummulites,61.6,28.1
Rotaliida,Nummulitoidea,Nummulitidae,Operculina,59.2,0
Rotaliida,Nummulitoidea,Nummulitidae,Palaeonummulites,59.2,0
Rotaliida,Nummulitoidea,Nummulitidae,Planocamerinoides,59.2,37.8
Rotaliida,Nummulitoidea,Nummulitidae,Planostegina,59.2,0
Rotaliida,Nummulitoidea,Nummulitidae,Ranikothalia,59.2,56
Rotaliida,Nummulitoidea,Pellatispiridae,Biplanispira,47.8,33.9
Rotaliida,Nummulitoidea,Pellatispiridae,Pellatispira,41.2,33.9
Rotaliida,Nummulitoidea,Pellatispiridae,Serraia,41.2,37.8
Rotaliida,Nummulitoidea,Pellatispiridae,Vacuolispira,37.8,33.9
Rotaliida,Nummulitoidea,Orthophragminidae,Actinocyclina,47.8,33.9
Rotaliida,Nummulitoidea,Orthophragminidae,Asterophragmina,37.8,33.9
Rotaliida,Nummulitoidea,Orthophragminidae,Athecocyclina,56,33.9
Rotaliida,Nummulitoidea,Orthophragminidae,Discocyclina,61.6,33.9
Rotaliida,Nummulitoidea,Orthophragminidae,Hexagonocyclina,56,37.8
Rotaliida,Nummulitoidea,Orthophragminidae,Nemkovella,59.2,47.8
Rotaliida,Nummulitoidea,Orthophragminidae,Proporocyclina,56,33.9
Rotaliida,Nummulitoidea,Orthophragminidae,Pseudophragmina,56,33.9
Rotaliida,Nummulitoidea,Orthophragminidae,Asterocyclina,61.6,33.9
Rotaliida,Nummulitoidea,Orthophragminidae,Neodiscocyclina,47.8,37.8
Rotaliida,Nummulitoidea,Orthophragminidae,Orbitoclypeus,59.2,33.9
Rotaliida,Nummulitoidea,Orthophragminidae,Stenocyclina,47.8,37.8
Rotaliida,Planorbulinoidea,Planorbulinidae,Planorbulinopsis,0.0118,0
Rotaliida,Planorbulinoidea,Planorbulinidae,Neoplanorbulinella,37.8,15.97
Rotaliida,Planorbulinoidea,Planorbulinidae,Peelella,28.1,23.03
Rotaliida,Planorbulinoidea,Planorbulinidae,Planolinderina,28.1,15.97
Rotaliida,Planorbulinoidea,Planorbulinidae,Planorbulina,56,0
Rotaliida,Planorbulinoidea,Planorbulinidae,Planorbulinella,56,0
Rotaliida,Planorbulinoidea,Planorbulinidae,Tayamaia,26.7,15.97
Rotaliida,Planorbulinoidea,Victoriellidae,Carpenteria,37.8,0
Rotaliida,Planorbulinoidea,Victoriellidae,Rupertina,23.03,0
Rotaliida,Planorbulinoidea,Victoriellidae,Neocarpenteria,37.8,33.9
Rotaliida,Planorbulinoidea,Victoriellidae,Biarritzina,47.8,0
Rotaliida,Planorbulinoidea,Victoriellidae,Eorupertia,47.8,33.9
Rotaliida,Planorbulinoidea,Victoriellidae,Korobkovella,47.8,37.8
Rotaliida,Planorbulinoidea,Victoriellidae,Maslinella,37.8,33.9
Rotaliida,Planorbulinoidea,Victoriellidae,Victoriella,37.8,15.97
Rotaliida,Planorbulinoidea,Victoriellidae,Wadella,37.8,33.9
Rotaliida,Planorbulinoidea,Eoannularidae,Eoannularia,47.8,37.8
Rotaliida,Planorbulinoidea,Eoannularidae,Epiannularia,47.8,37.8
Rotaliida,Planorbulinoidea,Linderinidae,Caudriella,47.8,37.8
Rotaliida,Planorbulinoidea,Linderinidae,Linderina,47.8,33.9
Rotaliida,Planorbulinoidea,Cymbaloporidae,Cymbalopora,100.5,59.2
Rotaliida,Planorbulinoidea,Cymbaloporidae,Eofabiania,56,37.8
Rotaliida,Planorbulinoidea,Cymbaloporidae,Fabiania,59.2,33.9
Rotaliida,Planorbulinoidea,Cymbaloporidae,Gunteria,47.8,37.8
Rotaliida,Planorbulinoidea,Cymbaloporidae,Halkyardia,47.8,28.1
Rotaliida,Planorbulinoidea,Cymbaloporidae,Archaecyclus,100.5,72.1
Rotaliida,Rotalioidea,Calcarinidae,Baculogypsina,2.59,0
Rotaliida,Rotalioidea,Calcarinidae,Baculogypsinoides,0.0118,0
Rotaliida,Rotalioidea,Calcarinidae,Calcarina,5.333,0
Rotaliida,Rotalioidea,Calcarinidae,Quasirotalia,5.333,0
Rotaliida,Rotalioidea,Calcarinidae,Schlumbergerella,2.59,0
Rotaliida,Rotalioidea,Calcarinidae,Silvestriella,47.8,37.8
Rotaliida,Rotalioidea,Calcarinidae,Meghalayana,37.8,33.9
Rotaliida,Rotalioidea,Calcarinidae,Siderolites,72.1,66
Rotaliida,Rotalioidea,Elphidiidae,Elphidium,56,0
Rotaliida,Rotalioidea,Elphidiidae,Pellatispirella,47.8,37.8
Rotaliida,Rotalioidea,Chapmaninidae,Tenisonina,23.03,15.97
Rotaliida,Rotalioidea,Chapmaninidae,Angotia,44.2,41.2
Rotaliida,Rotalioidea,Chapmaninidae,Chapmanina,47.8,7.246
Rotaliida,Rotalioidea,Chapmaninidae,Crespinina,37.8,28.1
Rotaliida,Rotalioidea,Chapmaninidae,Ferayina,47.8,37.8
Rotaliida,Rotalioidea,Chapmaninidae,Sherbornina,59.2,11.63
Rotaliida,Rotalioidea,Miogypsinidae,Heterosteginoides,23.03,18.7
Rotaliida,Rotalioidea,Miogypsinidae,Lepidosemicyclina,20.44,15.97
Rotaliida,Rotalioidea,Miogypsinidae,Miogypsinodella,25.3,13.82
Rotaliida,Rotalioidea,Miogypsinidae,Miolepidocyclina,33.9,15.97
Rotaliida,Rotalioidea,Miogypsinidae,Tania,23.03,20.44
Rotaliida,Rotalioidea,Miogypsinidae,Americogypsina,30.3,25.4
Rotaliida,Rotalioidea,Miogypsinidae,Paleomiogypsina,28.1,26.9
Rotaliida,Rotalioidea,Miogypsinidae,Miogypsinella,28.1,15.97
Rotaliida,Rotalioidea,Miogypsinidae,Boninella,28.1,23.03
Rotaliida,Rotalioidea,Miogypsinidae,Miogypsinoides,28.1,5.333
Rotaliida,Rotalioidea,Miogypsinidae,Miogypsina,33.9,12.2
Rotaliida,Rotalioidea,Miogypsinidae,Miogypsinita,28.1,15.97
Rotaliida,Rotalioidea,Rotaliidae,Cuvillierina,56,47.8
Rotaliida,Rotalioidea,Rotaliidae,Laffitteina,72.1,61.6
Rotaliida,Rotalioidea,Rotaliidae,Daviesina,61.6,23.03
Rotaliida,Rotalioidea,Rotaliidae,Medocia,47.8,41.2
Rotaliida,Rotalioidea,Rotaliidae,Rotorbinella,100.5,61.6
Rotaliida,Rotalioidea,Rotaliidae,Rotalia,89.8,33.9
Rotaliida,Rotalioidea,Rotaliidae,Redmondina,66,37.8
Rotaliida,Rotalioidea,Rotaliidae,Dictyokathina,66,47.8
Rotaliida,Rotalioidea,Rotaliidae,Kathina,61.6,47.8
Rotaliida,Rotalioidea,Rotaliidae,Dictyoconoides,47.8,37.8
Rotaliida,Rotalioidea,Rotaliidae,Lockhartia,66,37.8
Rotaliida,Rotalioidea,Rotaliidae,Rotaliconus,41.2,37.8
Rotaliida,Rotalioidea,Rotaliidae,Sakesaria,66,47.8
Rotaliida,Rotalioidea,Rotaliidae,Camagueyia,47.8,37.8
Rotaliida,Rotalioidea,Rotaliidae,Neorotalia,33.9,15.97
Rotaliida,Rotalioidea,Rotaliidae,Pararotalia,89.8,37.8
Rotaliida,Rotalioidea,Rotaliidae,Fissoelphidium,72.1,66
Rotaliida,Rotalioidea,Rotaliidae,Orbitokathina,89.8,86.3
Rotaliida,Rotalioidea,Pseudorbitoididae,Conorbitoides,80.4,69.1
Rotaliida,Rotalioidea,Pseudorbitoididae,Historbitoides,80.4,69.1
Rotaliida,Rotalioidea,Pseudorbitoididae,Pseudorbitoides,80.4,66
Rotaliida,Rotalioidea,Pseudorbitoididae,Sulcorbitoides,83.6,72.1
Rotaliida,Rotalioidea,Pseudorbitoididae,Aktinorbitoides,83.6,66
Rotaliida,Rotalioidea,Pseudorbitoididae,Ctenorbitoides,80.4,69.1
Rotaliida,Rotalioidea,Pseudorbitoididae,Vaughanina,80.4,66
Rotaliida,Rotalioidea,Pseudorbitoididae,Asterorbis,80.4,66
Rotaliida,Rotalioidea,Pseudorbitoididae,Orbitocyclina,83.6,66
Rotaliida,Acervulinoidea,Acervulinidae,Acervulina,23.03,0
Rotaliida,Acervulinoidea,Acervulinidae,Alanlordia,13.82,2.588
Rotaliida,Acervulinoidea,Acervulinidae,Borodinia,23.03,20.44
Rotaliida,Acervulinoidea,Acervulinidae,Ladoronia,23.03,5.333
Rotaliida,Acervulinoidea,Acervulinidae,Planogypsina,23.03,0
Rotaliida,Acervulinoidea,Acervulinidae,Discogypsina,37.8,0
Rotaliida,Acervulinoidea,Acervulinidae,Gypsina,28.1,0
Rotaliida,Acervulinoidea,Acervulinidae,Orbitogypsina,37.8,23.03
Rotaliida,Acervulinoidea,Acervulinidae,Protogypsina,66,56
Rotaliida,Acervulinoidea,Acervulinidae,Solenomeris,56,0
Rotaliida,Acervulinoidea,Acervulinidae,Sphaerogypsina,66,0
Rotaliida,Acervulinoidea,Acervulinidae,Wilfordia,37.8,33.9
Rotaliida,Acervulinoidea,Homotrematidae,Homotrema,23.03,0
Rotaliida,Acervulinoidea,Homotrematidae,Miniacina,23.03,0
Rotaliida,Acervulinoidea,Homotrematidae,Sporadotrema,56,0
Rotaliida,Nonionoidea,Miscellaneidae,Miscellanea,66,56
Rotaliida,Nonionoidea,Miscellaneidae,Bolkarina,59.2,56
Rotaliida,Nonionoidea,Miscellaneidae,Miscellanites,59.2,56
Rotaliida,Orbitoidoidea,Lepidorbitoididae,Actinosiphon,59.2,56
Rotaliida,Orbitoidoidea,Lepidorbitoididae,Neosivasella,59.2,56
Rotaliida,Orbitoidoidea,Lepidorbitoididae,Orbitosiphon,66,56
Rotaliida,Orbitoidoidea,Lepidorbitoididae,Sirelella,47.8,41.2
Rotaliida,Orbitoidoidea,Lepidorbitoididae,Arnaudiella,78.7,72.1
Rotaliida,Orbitoidoidea,Lepidorbitoididae,Clypeorbis,69.2,66
Rotaliida,Orbitoidoidea,Lepidorbitoididae,Helicorbitoides,78.7,66
Rotaliida,Orbitoidoidea,Lepidorbitoididae,Lepidorbitoides,78.7,66
Rotaliida,Orbitoidoidea,Lepidorbitoididae,Pseudosiderolites,83.6,72.1
Rotaliida,Orbitoidoidea,Lepidorbitoididae,Sirtina,86.3,69.2
Rotaliida,Orbitoidoidea,Lepidorbitoididae,Sulcoperculina,83.6,66
Rotaliida,Orbitoidoidea,Lepidorbitoididae,Vanderbeekia,72.1,69.2
Rotaliida,Orbitoidoidea,Orduellinidae,Orduella,66,56
Rotaliida,Orbitoidoidea,Orbitoididae,Monolepidorbis,85.1,66
Rotaliida,Orbitoidoidea,Orbitoididae,Orbitoides,85.1,66
Rotaliida,Orbitoidoidea,Orbitoididae,Pseudomphalocyclus,69.2,66
Rotaliida,Orbitoidoidea,Orbitoididae,Simplorbites,72.1,66
Rotaliida,Orbitoidoidea,Orbitoididae,Omphalocyclus,72.1,66
Rotaliida,Orbitoidoidea,Orbitoididae,Torreina,72.1,66
Rotaliida,Orbitoidoidea,Hellenocyclinidae,Hellenocyclina,72.1,66
Textulariida,Ataxophragmioidea,Alveovalvulinidae,Alveovalvulina,23.03,3.6
Textulariida,Ataxophragmioidea,Alveovalvulinidae,Guppyella,23.03,0
Textulariida,Ataxophragmioidea,Alveovalvulinidae,Jarvisella,20.44,11.63
Textulariida,Ataxophragmioidea,Textulariellidae,Cuneolinella,15.97,11.63
Textulariida,Ataxophragmioidea,Textulariellidae,Textulariella,23.03,0
Textulariida,Ataxophragmioidea,Globotextulariidae,Cubanina,28.1,0
Textulariida,Ataxophragmioidea,Globotextulariidae,Liebusella,37.8,0
Textulariida,Ataxophragmioidea,Globotextulariidae,Matanzia,100.5,5.333
Textulariida,Ataxophragmioidea,Ataxophragmiidae,Ataxophragmium,100.5,56
Textulariida,Ataxophragmioidea,Ataxophragmiidae,Opertum,126.3,66
Textulariida,Ataxophragmioidea,Ataxophragmiidae,Voloshinoides,113,66
Textulariida,Ataxophragmioidea,Ataxophragmiidae,Palaeolituonella,247.1,228.4
Textulariida,Ataxophragmioidea,Cuneolinidae,Cuneolina,139.4,66
Textulariida,Ataxophragmioidea,Cuneolinidae,Pseudotextulariella,145,93.9
Textulariida,Ataxophragmioidea,Cuneolinidae,Sabaudia,139.4,97.2
Textulariida,Ataxophragmioidea,Cuneolinidae,Vercorsella,139.4,100.5
Textulariida,Ataxophragmioidea,Dicyclinidae,Dicyclina,113,83.6
Textulariida,Orbitolinoidea,Orbitolinidae,Abrardia,83.6,66
Textulariida,Orbitolinoidea,Orbitolinidae,Campanellula,139.4,126.3
Textulariida,Orbitolinoidea,Orbitolinidae,Coskinolinoides,126.3,100.5
Textulariida,Orbitolinoidea,Orbitolinidae,Cribellopsis,131.8,119.3
Textulariida,Orbitolinoidea,Orbitolinidae,Falsurgonina,128,119.3
Textulariida,Orbitolinoidea,Orbitolinidae,Pseudorbitolina,83.6,66
Textulariida,Orbitolinoidea,Orbitolinidae,Dictyoconus,126.3,23.03
Textulariida,Orbitolinoidea,Orbitolinidae,Montseciella,131.8,119.3
Textulariida,Orbitolinoidea,Orbitolinidae,Paracoskinolina,130.8,100.5
Textulariida,Orbitolinoidea,Orbitolinidae,Paleodictyoconus,139.4,119.3
Textulariida,Orbitolinoidea,Orbitolinidae,Urgonina,130.8,126.3
Textulariida,Orbitolinoidea,Orbitolinidae,Calveziconus,83.6,72.1
Textulariida,Orbitolinoidea,Orbitolinidae,Iraqia,126.3,100.5
Textulariida,Orbitolinoidea,Orbitolinidae,Neorbitolinopsis,102.1,96.1
Textulariida,Orbitolinoidea,Orbitolinidae,Orbitolinella,96.1,89.8
Textulariida,Orbitolinoidea,Orbitolinidae,Orbitolinopsis,126.3,102.1
Textulariida,Orbitolinoidea,Orbitolinidae,Valdanchella,139.4,133.9
Textulariida,Orbitolinoidea,Orbitolinidae,Valserina,128,126.8
Textulariida,Orbitolinoidea,Orbitolinidae,Simplorbitolina,126.3,100.5
Textulariida,Orbitolinoidea,Orbitolinidae,Dictyoconella,96.1,66
Textulariida,Orbitolinoidea,Orbitolinidae,Conicorbitolina,102.1,96.1
Textulariida,Orbitolinoidea,Orbitolinidae,Eopalorbitolina,130.8,126.3
Textulariida,Orbitolinoidea,Orbitolinidae,Eygalierina,130.8,126.3
Textulariida,Orbitolinoidea,Orbitolinidae,Orbitolina,102.1,93.9
Textulariida,Orbitolinoidea,Orbitolinidae,Mesorbitolina,126.3,96.1
Textulariida,Orbitolinoidea,Orbitolinidae,Naupliella,102.1,100.5
Textulariida,Orbitolinoidea,Orbitolinidae,Neoiraqia,96.1,93.9
Textulariida,Orbitolinoidea,Orbitolinidae,Palorbitolina,128.2,113
Textulariida,Orbitolinoidea,Orbitolinidae,Palorbitolinoides,118.4,102.1
Textulariida,Orbitolinoidea,Orbitolinidae,Praeorbitolina,126.3,100.5
Textulariida,Orbitolinoidea,Orbitolinidae,Rectodictyoconus,130.8,126.3
Textulariida,Pavonitinoidea,Pavonitinidae,Spiropsammia,33.9,3.6
Textulariida,Pavonitinoidea,Pavonitinidae,Pavonitina,33.9,5.333
Textulariida,Pavonitinoidea,Pavonitinidae,Pavopsammia,33.9,23.03
Textulariida,Pavonitinoidea,Pavonitinidae,Zotheculifida,28.1,15.97
Textulariida,Pavonitinoidea,Pavonitinidae,Pseudotriplasia,23.03,5.333
Textulariida,Lituoloidea,Cyclamminidae,Cyclammina,66,0
Textulariida,Lituoloidea,Cyclamminidae,Reticulophragmium,66,0
Textulariida,Lituoloidea,Cyclamminidae,Cyclammina,66,0
Textulariida,Lituoloidea,Spirocyclinidae,Saudia,66,37.8
Textulariida,Lituoloidea,Spirocyclinidae,Thomasella,56,47.8
Textulariida,Lituoloidea,Hauraniidae,Spirocyclina,96.1,83.6
Textulariida,Lituoloidea,Hauraniidae,Martiguesia,86.3,83.6
Textulariida,Lituoloidea,Hauraniidae,Montsechiana,139.4,83.6
Textulariida,Lituoloidea,Hauraniidae,Qataria,96.1,89.8
Textulariida,Lituoloidea,Hauraniidae,Sornayina,89.8,86.3
Textulariida,Lituoloidea,Hauraniidae,Ataxella,168.3,166.1
Textulariida,Lituoloidea,Hauraniidae,Cymbriaella,201.3,182.7
Textulariida,Lituoloidea,Hauraniidae,Gutnicella,190.8,163.5
Textulariida,Lituoloidea,Hauraniidae,Haurania,195,166.1
Textulariida,Lituoloidea,Hauraniidae,Meyendorffina,168.3,160.2
Textulariida,Lituoloidea,Hauraniidae,Platyhaurania,195,174.1
Textulariida,Lituoloidea,Hauraniidae,Robustoconus,170.3,169.3
Textulariida,Lituoloidea,Hauraniidae,Socotraina,190.8,174.1
Textulariida,Lituoloidea,Hauraniidae,Timidonella,174.1,167.4
Textulariida,Lituoloidea,Hauraniidae,Trochamijiella,170.3,163.5
Textulariida,Lituoloidea,Hauraniidae,Alzonella,168.3,163.5
Textulariida,Lituoloidea,Hauraniidae,Alzonorbitopsella,167.4,166.1
Textulariida,Lituoloidea,Hauraniidae,Amijiella,194.6,166.1
Textulariida,Lituoloidea,Hauraniidae,Anchispirocyclina,163.5,78.3
Textulariida,Lituoloidea,Hauraniidae,Bostia,168.3,166.1
Textulariida,Lituoloidea,Hauraniidae,Dhrumella,170.3,166.1
Textulariida,Lituoloidea,Hauraniidae,Ijdranella,190.8,182.7
Textulariida,Lituoloidea,Hauraniidae,Kastamonina,157.3,145
Textulariida,Lituoloidea,Hauraniidae,Pseudospirocyclina,170.3,145
Textulariida,Lituoloidea,Hauraniidae,Spiraloconulus,170.3,163.5
Textulariida,Lituoloidea,Hauraniidae,Streptocyclammina,190.8,152.1
Textulariida,Lituoloidea,Lituolidae,Ammobaculites,358.9,0
Textulariida,Lituoloidea,Lituolidae,Lituola,237,0
Textulariida,Pfenderinoidea,Pfenderenidae,Gyroconulina,69.2,66
Textulariida,Pfenderinoidea,Pfenderenidae,Banatia,128,126.3
Textulariida,Pfenderinoidea,Pfenderenidae,Pseudopfenderina,199.3,166.1
Textulariida,Pfenderinoidea,Pfenderenidae,Siphovalvulina,201.3,100.5
Textulariida,Pfenderinoidea,Pfenderenidae,Conicopfenderina,170.3,163.5
Textulariida,Pfenderinoidea,Pfenderenidae,Chablaisia,167.4,160.2
Textulariida,Pfenderinoidea,Pfenderenidae,Palaeopfenderina,168.3,163.5
Textulariida,Pfenderinoidea,Pfenderenidae,Pseudoeggerella,168.3,166.1
Textulariida,Pfenderinoidea,Pfenderenidae,Sanderella,168.3,157.3
Textulariida,Pfenderinoidea,Pfenderenidae,Satorina,167.4,160.2
Textulariida,Pfenderinoidea,Pfenderenidae,Steinekella,164.9,157.3
Textulariida,Pfenderinoidea,Pfenderenidae,Pfenderella,170.3,163.5
Textulariida,Pfenderinoidea,Pfenderenidae,Conicokurnubia,167.4,152.1
Textulariida,Pfenderinoidea,Pfenderenidae,Kurnubia,170.3,149.2
Textulariida,Pfenderinoidea,Pfenderenidae,Praekurnubia,168.3,160.2
Textulariida,Pfenderinoidea,Valvulinidae,Kilianina,168.3,152.1
Textulariida,Pfenderinoidea,Valvulinidae,Valvulina,190.8,0
Textulariida,Pfenderinoidea,Valvulinidae,Parurgonina,160.2,145
Textulariida,Pfenderinoidea,Valvulinidae,Neokilianina,157.3,154.1
Textulariida,Loftusioidea,Choffatellidae,Balkhania,130.8,113
Textulariida,Loftusioidea,Choffatellidae,Broeckinella,86.3,66
Textulariida,Loftusioidea,Choffatellidae,Pseudochoffatella,126.3,100.5
Textulariida,Loftusioidea,Choffatellidae,Alveosepta,163.5,152.1
Textulariida,Loftusioidea,Choffatellidae,Choffatella,163.5,83.6
Textulariida,Loftusioidea,Choffatellidae,Feurtillia,152.1,133.9
Textulariida,Loftusioidea,Choffatellidae,Palaeocyclammina,190.8,182.7
Textulariida,Loftusioidea,Choffatellidae,Pseudocyclammina,190.8,69.2
Textulariida,Loftusioidea,Choffatellidae,Redmondellina,168.3,152.1
Textulariida,Loftusioidea,Choffatellidae,Torinosuella,163.5,126.3
Textulariida,Loftusioidea,Loftusiidae,Feurtillia,152.1,133.9
Textulariida,Loftusioidea,Loftusiidae,Praereticulinella,130.8,126.3
Textulariida,Loftusioidea,Loftusiidae,Reticulinella,100.5,66
Textulariida,Loftusioidea,Loftusiidae,Loftusia,72.1,33.9
Textulariida,Loftusioidea,Mesoendothyridae,Wernlina,232.2,216.6
Textulariida,Lituoloidea,Everticyclamminidae,Hemicyclammina,119.3,98.6
Textulariida,Lituoloidea,Everticyclamminidae,Hottingerita,130.8,126.3
Textulariida,Lituoloidea,Everticyclamminidae,Everticyclammina,195,113
Textulariida,Lituoloidea,Everticyclamminidae,Buccicrenata,157.3,93.9
Textulariida,Lituoloidea,Everticyclamminidae,Rectocyclammina,190.8,142.8
Textulariida,Lituoloidea,Mesoendothyridae,Mesoendothyra,241.5,152.1
Textulariida,Lituoloidea,Mesoendothyridae,Cyclorbitopsella,193.8,174.1
Textulariida,Lituoloidea,Mesoendothyridae,Lituosepta,193.8,170.3
Textulariida,Lituoloidea,Mesoendothyridae,Orbitopsella,193.8,182.7
Textulariida,Lituoloidea,Mesoendothyridae,Planisepta,190.8,182.7
Textulariida,Lituoloidea,Mesoendothyridae,Palaeomayncina,190.8,182.7
Textulariida,Lituoloidea,Mesoendothyridae,Labyrinthina,163.5,145
Textulariida,Lituoloidea,Mesoendothyridae,Orbitammina,169.1,166.1
Textulariida,Lituoloidea,Mesoendothyridae,Levantinella,163.5,152.1
Textulariida,Lituoloidea,Mesoendothyridae,Syriana,164.9,163.5
Textulariida,Textularioidea,Textulariidae,Tawitawia,0.0118,0
Textulariida,Textularioidea,Chrysalidinidae,Pfendericonus,59.2,33.9
Textulariida,Textularioidea,Chrysalidinidae,Pseudochrysalidina,56,33.9
Textulariida,Textularioidea,Chrysalidinidae,Vacuovalvulina,66,56
Textulariida,Textularioidea,Chrysalidinidae,Accordiella,89.8,83.6
Textulariida,Textularioidea,Chrysalidinidae,Chrysalidina,126.3,93.9
Textulariida,Textularioidea,Chrysalidinidae,Dukhania,133.9,109.4
Textulariida,Textularioidea,Chrysalidinidae,Praechrysalidina,133.9,100.5
Textulariida,Textularioidea,Chrysalidinidae,Paravalvulina,168.3,130.8
Textulariida,Textularioidea,Chrysalidinidae,Pseudomarssonella,168.3,163.5
Textulariida,Textularioidea,Chrysalidinidae,Redmondoides,170.3,152.1
Textulariida,Textularioidea,Chrysalidinidae,Riyadhella,199.3,152.1
Textulariida,Textularioidea,Chrysalidinidae,Riyadhoides,169.1,145
Textulariida,Coscinophragmatoidea,Haddoniidae,Haddonia,66,0
Textulariida,Coscinophragmatoidea,Coscinophragmatidae,Alpinophragmium,237,201.3
Textulariida,Coskinolinoidea,Coskinolinidae,Barattolites,56,37.8
Textulariida,Coskinolinoidea,Coskinolinidae,Coleiconus,56,37.8
Textulariida,Coskinolinoidea,Coskinolinidae,Coskinolina,66,37.8
Textulariida,Coskinolinoidea,Coskinolinidae,Coskinon,61.6,37.8
Textulariida,Coskinolinoidea,Coskinolinidae,Lituonelloides,72.1,66
Textulariida,Coskinolinoidea,Coskinolinidae,Pseudolituonella,100.5,72.1
Textulariida,Orbitolinoidea,Orbitolinidae,Anatoliella,66,56
Textulariida,Orbitolinoidea,Orbitolinidae,Cushmania,47.8,37.8
Textulariida,Orbitolinoidea,Orbitolinidae,Daviesiconus,56,37.8
Textulariida,Orbitolinoidea,Orbitolinidae,Dictyoconus,126.3,23.03
Textulariida,Orbitolinoidea,Orbitolinidae,Fallotella,61.6,57.9
Textulariida,Orbitolinoidea,Orbitolinidae,Karsella,59.2,56
Textulariida,Orbitolinoidea,Orbitolinidae,Verseyella,56,47.8
Textulariida,Nezzazatoidea,Nezzazatidae,Nezzazata,113,89.8
Textulariida,Nezzazatoidea,Nezzazatidae,Nezzazatinella,130.8,89.8
Textulariida,Nezzazatoidea,Nezzazatidae,Lupertosinnia,100.5,93.9
Textulariida,Nezzazatoidea,Nezzazatidae,Coxites,96.1,92.1
Textulariida,Nezzazatoidea,Nezzazatidae,Rabanitina,100.5,96.1
Textulariida,Nezzazatoidea,Nezzazatidae,Demirina,100.5,93.9
Textulariida,Nezzazatoidea,Mayncinidae,Gendrotella,86.3,83.6
Textulariida,Nezzazatoidea,Mayncinidae,Mayncina,139.4,93.9
Textulariida,Nezzazatoidea,Mayncinidae,Phenacophragma,113,100.5
Textulariida,Nezzazatoidea,Mayncinidae,Stomatostoecha,113,100.5
Textulariida,Nezzazatoidea,Mayncinidae,Daxia,157.3,93.9
Textulariida,Nezzazatoidea,Mayncinidae,Freixialina,170.3,145
Textulariida,Biokovinoidea,Biokovinidae,Zagrosella,69.2,66
Textulariida,Biokovinoidea,Biokovinidae,Bosniella,193.8,187.6
Textulariida,Biokovinoidea,Charentiidae,Charentia,130.8,93.9
Textulariida,Biokovinoidea,Charentiidae,Debarina,128.2,113
Textulariida,Biokovinoidea,Charentiidae,Karaisella,163.5,157.3
Textulariida,Biokovinoidea,Lituoliporidae,Lituolipora,199.3,182.7
Textulariida,Cyclolinoidea,Cyclolinidae,Cyclopsinella,100.5,83.6
Textulariida,Cyclolinoidea,Cyclolinidae,Cyclopsinella,157.3,89.8
Textulariida,Cyclolinoidea,Cyclolinidae,Dohaia,100.5,89.8
Textulariida,Cyclolinoidea,Cyclolinidae,Eclusia,139.4,126.3
Textulariida,Verneuilinoidea,Verneuilinidae,Duotaxis,241.5,182.7
Textulariida,Verneuilinoidea,Piallinidae,Piallina,237,228.4
Textulariida,Spiroplectamminoidea,Textulariopsidae,Textulariopsis,199.3,66
Textulariida,Ammodiscoidea,Ammodiscidae,Gandinella,250,201.3
Textulariida,Ammodiscoidea,Ammodiscidae,Glomospira,346.7,0
Textulariida,Ammodiscoidea,Ammodiscidae,Glomospirella,323.2,5.333
Textulariida,Ammodiscoidea,Ammodiscidae,Paulbronnimannia,247.1,241.5
Textulariida,Ammodiscoidea,Ammodiscidae,Pilammina,252.2,241.5
Textulariida,Ammodiscoidea,Ammodiscidae,Pilamminella,247.1,228.4
Involutinida,Involutinoidea,Involutinidae,Andersenolina,168.3,113
Involutinida,Involutinoidea,Involutinidae,Involutina,228.4,93.9
Involutinida,Involutinoidea,Involutinidae,Neotrocholina,168.3,93.9
Involutinida,Involutinoidea,Involutinidae,Septatrocholina,168.3,157.3
Involutinida,Involutinoidea,Involutinidae,Trocholina,228.4,93.9
Involutinida,Involutinoidea,Involutinidae,Aulosina,228.4,201.3
Involutinida,Involutinoidea,Involutinidae,Parvalamella,239.2,201.3
Involutinida,Involutinoidea,Involutinidae,Semiinvoluta,228.4,201.3
Involutinida,Involutinoidea,Ventrolaminidae,Protopeneroplis,174.1,139.4
Involutinida,Involutinoidea,Triadodiscidae,Lamelliconus,241.5,228.4
Involutinida,Involutinoidea,Triadodiscidae,Triadodiscus,250,209.5
Involutinida,Involutinoidea,Aulotortidae,Angulodiscus,228.4,201.3
Involutinida,Involutinoidea,Aulotortidae,Auloconus,228.4,201.3
Involutinida,Involutinoidea,Aulotortidae,Aulotortus,247.1,163.5
Involutinida,Involutinoidea,Triasinidae,Triasina,228.4,201.3
Lagenida,Duostominoidea,Duostominidae,Duostomina,247.1,201.3
Lagenida,Duostominoidea,Variostomatidae,Cassianopapillaria,237,228.4
Lagenida,Geinitzinoidea,Abriolinidae,Abriolina,247.1,237
Lagenida,Geinitzinoidea,Geinitzinidae,Geinitzina,298.9,252.2
Lagenida,Geinitzinoidea,Geinitzinidae,Howchinella,295.5,290.1
Lagenida,Geinitzinoidea,Geinitzinidae,Nodosinelloides,307,201.3
Lagenida,Geinitzinoidea,Pachyphloiidae,Pachyphloia,295.5,252.2
Lagenida,Robuloidoidea,Ichtyolariidae,Austrocolomia,247.1,201.3
Lagenida,Robuloidoidea,Ichtyolariidae,Cryptoseptida,293.6,228.4
Lagenida,Robuloidoidea,Ichtyolariidae,Grillina,237,201.3
Lagenida,Robuloidoidea,Ichtyolariidae,Pseudotristix,259.8,252.2
Lagenida,Robuloidoidea,Robuloididae,Calvezina,259.8,252.2
Lagenida,Robuloidoidea,Robuloididae,Eocristellaria,259.8,252.2
Lagenida,Robuloidoidea,Robuloididae,Robuloides,290.1,237
Lagenida,Robuloidoidea,Robuloididae,Robuloides,272.3,237
Lagenida,Robuloidoidea,Syzraniidae,Amphoratheka,303.7,290.1
Lagenida,Robuloidoidea,Syzraniidae,Rectostipulina,259.8,254.2
Lagenida,Robuloidoidea,Syzraniidae,Syzrania,315.2,201.3
Lagenida,Robuloidoidea,Syzraniidae,Tezaquina,311,201.3
Lagenida,Robuloidoidea,Syzraniidae,Tuborecta,423,410.8
Lagenida,Robuloidoidea,Protonodosariidae,Protonodosaria,307,201.3
Lagenida,Nodosinelloidea,Earlandinitidae,Darjella,346.7,337.9
Lagenida,Nodosinelloidea,Earlandinitidae,Earlandinita,358.9,298.9
Lagenida,Nodosinelloidea,Earlandinitidae,Lugtonia,358.9,298.9
Lagenida,Nodosinelloidea,Nodosinellidae,Biparietata,272.3,259.8
Lagenida,Colanielloidea,Colaniellidae,Colaniella,259.8,252.2
Lagenida,Colanielloidea,Colaniellidae,Cylindrocolaniella,259.8,252.2
Lagenida,Colanielloidea,Colaniellidae,Pseudowanganella,259.8,252.2
Earlandiida,Earlandioidea,Earlandiidae,Earlandia,427.4,252.2
Earlandiida,Earlandioidea,Earlandiidae,Aeolisaccus,259.8,252.2
Earlandiida,Earlandioidea,Earlandiidae,Gigasbia,358.9,346.7
Earlandiida,Earlandioidea,Endotebidae,Endoteba,275.6,201.3
Earlandiida,Earlandioidea,Pseudoammodiscidae,Brunsia,419.2,346.7
Earlandiida,Earlandioidea,Pseudoammodiscidae,Brunsiella,346.7,272.3
Earlandiida,Earlandioidea,Pseudolituotubidae,Pseudolituotuba,346.7,307
Earlandiida,Caligelloidea,Caligellidae,Paracaligella,419.2,346.7
Earlandiida,Caligelloidea,Paratikhinellidae,Paratikhinella,382.7,323.2
Earlandiida,Caligelloidea,Paratikhinellidae,Saccaminopsis,382.7,346.7
Earlandiida,Ptychocladioidea,Ptychocladiidae,Ptychocladia,307,298.9
Endothyrida,Endothyroidea,Endotebidae,Endoteba,275.6,201.3
Endothyrida,Endothyroidea,Endotebidae,Endotebanella,248.2,237
Endothyrida,Endothyroidea,Endothyridae,Andrejella,346.7,330.9
Endothyrida,Endothyroidea,Endothyridae,Banffella,346.7,330.9
Endothyrida,Endothyroidea,Endothyridae,Corrigotubella,351,339.5
Endothyrida,Endothyroidea,Endothyridae,Cribranopsis,346.7,330.9
Endothyrida,Endothyroidea,Endothyridae,Cribrospira,346.7,330.9
Endothyrida,Endothyroidea,Endothyridae,Elergella,358.9,346.7
Endothyrida,Endothyroidea,Endothyridae,Endostaffella,351,330.9
Endothyrida,Endothyroidea,Endothyridae,Endothyra,358.9,252.2
Endothyrida,Endothyroidea,Endothyridae,Endothyranella,315.2,237
Endothyrida,Endothyroidea,Endothyridae,Endothyranopsis,346.7,330.9
Endothyrida,Endothyroidea,Endothyridae,Eoendothyra,372.2,330.9
Endothyrida,Endothyroidea,Endothyridae,Eoendothyranopsis,346.7,339.5
Endothyrida,Endothyroidea,Endothyridae,Eoquasiendothyra,382.7,346.7
Endothyrida,Endothyroidea,Endothyridae,Euxinita,346.7,315.2
Endothyrida,Endothyroidea,Endothyridae,Globochernella,346.7,330.9
Endothyrida,Endothyroidea,Endothyridae,Globoendothyra,346.7,307
Endothyrida,Endothyroidea,Endothyridae,Granuliferella,372.2,330.9
Endothyrida,Endothyroidea,Endothyridae,Granuliferelloides,351,346.7
Endothyrida,Endothyroidea,Endothyridae,Haplophragmella,346.7,330.9
Endothyrida,Endothyroidea,Endothyridae,Haplophragmina,315.2,307
Endothyrida,Endothyroidea,Endothyridae,Holkeria,342.9,336.8
Endothyrida,Endothyroidea,Endothyridae,Klubonibelia,342.9,330.9
Endothyrida,Endothyroidea,Endothyridae,Latiendothyra,351,339.5
Endothyrida,Endothyroidea,Endothyridae,Latiendothyranopsis,351,339.5
Endothyrida,Endothyroidea,Endothyridae,Laxoendothyra,358.9,330.9
Endothyrida,Endothyroidea,Endothyridae,Mediopsis,351,330.9
Endothyrida,Endothyroidea,Endothyridae,Melatolla,346.7,330.9
Endothyrida,Endothyroidea,Endothyridae,Mikhailovella,342.9,336.8
Endothyrida,Endothyroidea,Endothyridae,Mirifica,339.5,330.9
Endothyrida,Endothyroidea,Endothyridae,Omphalotis,342.9,318.3
Endothyrida,Endothyroidea,Endothyridae,Paradainella,351,346.7
Endothyrida,Endothyroidea,Endothyridae,Paraendothyra,353.8,348.2
Endothyrida,Endothyroidea,Endothyridae,Paraplectogyra,351,339.5
Endothyrida,Endothyroidea,Endothyridae,Planoendothyra,346.7,315.2
Endothyrida,Endothyroidea,Endothyridae,Plectogyra,382.7,252.2
Endothyrida,Endothyroidea,Endothyridae,Plectogyranopsis,346.7,318.3
Endothyrida,Endothyroidea,Endothyridae,Pojarkovella,346.7,330.9
Endothyrida,Endothyroidea,Endothyridae,Priscella,358.9,315.2
Endothyrida,Endothyroidea,Endothyridae,Quasiendothyra,372.2,346.7
Endothyrida,Endothyroidea,Endothyridae,Rectoendothyra,358.9,346.7
Endothyrida,Endothyroidea,Endothyridae,Rhodesinella,358.9,346.7
Endothyrida,Endothyroidea,Endothyridae,Semiendothyra,323.2,315.2
Endothyrida,Endothyroidea,Endothyridae,Spinoendothyra,351,339.5
Endothyrida,Endothyroidea,Endothyridae,Spinothyra,342.9,318.3
Endothyrida,Endothyroidea,Endothyridae,Timanella,315.2,307
Endothyrida,Endothyroidea,Endothyridae,Tuberendothyra,351,339.5
Endothyrida,Endothyroidea,Endothyridae,Urbanella,358.9,339.5
Endothyrida,Endothyroidea,Endothyridae,Zellerinella,339.5,318.3
Endothyrida,Endothyroidea,Endotriadidae,Endotriada,247.1,209.5
Endothyrida,Endothyroidea,Endotriadidae,Endotriadella,247.1,209.5
Endothyrida,Endothyroidea,Bradyinidae,Bibradya,339.5,330.9
Endothyrida,Endothyroidea,Bradyinidae,Bradyina,358.9,298.9
Endothyrida,Endothyroidea,Bradyinidae,Glyphostomella,307,252.2
Endothyrida,Endothyroidea,Bradyinidae,Janischewskina,339.5,330.9
Endothyrida,Endothyroidea,Bradyinidae,Postendothyra,298.9,295.5
Endothyrida,Endothyroidea,Loeblichiidae,Dainella,346.7,339.5
Endothyrida,Endothyroidea,Loeblichiidae,Loeblichia,346.7,330.9
Endothyrida,Endothyroidea,Loeblichiidae,Lysella,346.7,330.9
Endothyrida,Endothyroidea,Loeblichiidae,Novella,323.2,310.3
Endothyrida,Endothyroidea,Loeblichiidae,Seminovella,310.3,307
Parathuramminida,Parathuramminoidea,Archaesphaeridae,Archaesphaera,419.2,346.7
Parathuramminida,Parathuramminoidea,Archaesphaeridae,Diplosphaerina,393.3,346.7
Parathuramminida,Parathuramminoidea,Parathuramminidae,Parathurammina,427.4,346.7
Parathuramminida,Parathuramminoidea,Chrysothuramminidae,Chrysothurammina,393.3,346.7
Parathuramminida,Parathuramminoidea,Ivanovellidae,Elenella,427.4,346.7
Parathuramminida,Parathuramminoidea,Marginaridae,Marginara,393.3,382.7
Parathuramminida,Parathuramminoidea,Uralinellidae,Sogdianina,346.7,330.9
Parathuramminida,Parathuramminoidea,Uralinellidae,Uralinella,387.7,346.7
Parathuramminida,Parathuramminoidea,Auroriidae,Auroria,393.3,358.9
Parathuramminida,Parathuramminoidea,Usloniidae,Bisphaera,387.7,346.7
Parathuramminida,Parathuramminoidea,Usloniidae,Parphia,382.7,358.9
Parathuramminida,Parathuramminoidea,Eovolutinidae,Eovolutina,427.4,358.9
Parathuramminida,Parathuramminoidea,Tuberitinidae,Draffania,358.9,330.9
Parathuramminida,Parathuramminoidea,Tuberitinidae,Eotuberitina,393.3,252.2
Parathuramminida,Parathuramminoidea,Tuberitinidae,Paratuberitina,346.7,307
Parathuramminida,Parathuramminoidea,Tuberitinidae,Tubeporina,393.3,330.9
Parathuramminida,Parathuramminoidea,Tuberitinidae,Tuberitina,323.2,252.2
Archaediscida,Archaediscoidea,Archaediscidae,Archaediscus,346.7,307
Archaediscida,Archaediscoidea,Archaediscidae,Asteroachaediscus,346.7,307
Archaediscida,Archaediscoidea,Archaediscidae,Glomodiscus,346.7,330.9
Archaediscida,Archaediscoidea,Archaediscidae,Hemiarchaediscus,339.5,327.8
Archaediscida,Archaediscoidea,Archaediscidae,Permodiscus,346.7,315.2
Archaediscida,Archaediscoidea,Archaediscidae,Planoarchaediscus,346.7,323.2
Archaediscida,Archaediscoidea,Archaediscidae,Propermodiscus,346.7,330.9
Archaediscida,Lasiodiscoidea,Lasiodiscidae,Eolasiodiscus,330.9,298.9
Archaediscida,Lasiodiscoidea,Lasiodiscidae,Glomotrocholina,259.8,252.2
Archaediscida,Lasiodiscoidea,Lasiodiscidae,Howchinia,346.7,307
Archaediscida,Lasiodiscoidea,Lasiodiscidae,Lasiodiscus,330.9,252.2
Archaediscida,Lasiodiscoidea,Lasiodiscidae,Lasiotrochus,298.9,252.2
Archaediscida,Lasiodiscoidea,Lasiodiscidae,Monotaxinoides,358.9,298.9
Palaeotextulariida,Palaeotextularioidea,Semitextulariidae,Koskinobigenerina,346.7,298.9
Palaeotextulariida,Palaeotextularioidea,Semitextulariidae,Koskinotextularia,346.7,298.9
Palaeotextulariida,Palaeotextularioidea,Palaeotextulariidae,Climacammina,346.7,254.2
Palaeotextulariida,Palaeotextularioidea,Palaeotextulariidae,Cribrogenerina,300,252.2
Palaeotextulariida,Palaeotextularioidea,Palaeotextulariidae,Cribrostomum,351,298.9
Palaeotextulariida,Palaeotextularioidea,Palaeotextulariidae,Deckerella,339.5,254.2
Palaeotextulariida,Palaeotextularioidea,Palaeotextulariidae,Deckerellina,346.7,307
Palaeotextulariida,Palaeotextularioidea,Palaeotextulariidae,Monogenerina,298.9,252.2
Palaeotextulariida,Palaeotextularioidea,Palaeotextulariidae,Palaeobigenerina,327.8,254.2
Palaeotextulariida,Palaeotextularioidea,Palaeotextulariidae,Palaeotextularia,358.9,272.3
Palaeotextulariida,Palaeotextularioidea,Biseriamminidae,Biseriammina,358.9,346.7
Palaeotextulariida,Palaeotextularioidea,Biseriamminidae,Biseriella,323.2,307
Palaeotextulariida,Palaeotextularioidea,Biseriamminidae,Dagmarita,259.8,252.2
Palaeotextulariida,Palaeotextularioidea,Biseriamminidae,Globispiroplectammina,346.7,330.9
Palaeotextulariida,Palaeotextularioidea,Biseriamminidae,Globivalvulina,323.2,254.2
Palaeotextulariida,Palaeotextularioidea,Biseriamminidae,Lipinella,323.2,252.2
Palaeotextulariida,Palaeotextularioidea,Biseriamminidae,Louisettita,259.8,254.2
Palaeotextulariida,Palaeotextularioidea,Biseriamminidae,Paraglobivalvulina,259.8,254.2
Palaeotextulariida,Palaeotextularioidea,Biseriamminidae,Paradagmarita,259.8,254.2
Palaeotextulariida,Palaeotextularioidea,Biseriamminidae,Paraglobivalvulinoides,259.8,254.2
Tetrataxida,Tetrataxoidea,Tetrataxidae,Globotetrataxis,339.5,330.9
Tetrataxida,Tetrataxoidea,Tetrataxidae,Polytaxis,315.2,307
Tetrataxida,Tetrataxoidea,Tetrataxidae,Tetrataxis,351,330.9
Tetrataxida,Tetrataxoidea,Pseudotaxidae,Pseudotaxis,351,318.3
Tetrataxida,Tetrataxoidea,Pseudotaxidae,Vissariotaxis,323.2,318.3
Tetrataxida,Tetrataxoidea,Valvulinellidae,Valvulinella,346.7,318.3
Tetrataxida,Tetrataxoidea,Abadehellidae,Abadehella,259.8,254.2
Tournayellida,Tournayelloidea,Tournayellidae,Bogushella,346.7,330.9
Tournayellida,Tournayelloidea,Tournayellidae,Brunsiina,372.2,330.9
Tournayellida,Tournayelloidea,Tournayellidae,Carbonella,351,339.5
Tournayellida,Tournayelloidea,Tournayellidae,Conilites,351,339.5
Tournayellida,Tournayelloidea,Tournayellidae,Costayella,358.9,330.9
Tournayellida,Tournayelloidea,Tournayellidae,Chernobaculites,323.2,315.2
Tournayellida,Tournayelloidea,Tournayellidae,Chernyshinella,368.7,330.9
Tournayellida,Tournayelloidea,Tournayellidae,Chernyshinellina,358.9,346.7
Tournayellida,Tournayelloidea,Tournayellidae,Condrustella,351,330.9
Tournayellida,Tournayelloidea,Tournayellidae,Elbanaia,351,339.5
Tournayellida,Tournayelloidea,Tournayellidae,Endochernella,358.9,330.9
Tournayellida,Tournayelloidea,Tournayellidae,Eoforschia,358.9,330.9
Tournayellida,Tournayelloidea,Tournayellidae,Eotournayella,382.7,358.9
Tournayellida,Tournayelloidea,Tournayellidae,Forschia,346.7,330.9
Tournayellida,Tournayelloidea,Tournayellidae,Forschiella,346.7,330.9
Tournayellida,Tournayelloidea,Tournayellidae,Glomospiranella,382.7,330.9
Tournayellida,Tournayelloidea,Tournayellidae,Glomospiroides,330.9,298.9
Tournayellida,Tournayelloidea,Tournayellidae,Laxoseptabrunsiina,346.7,330.9
Tournayellida,Tournayelloidea,Tournayellidae,Lituotubella,346.7,330.9
Tournayellida,Tournayelloidea,Tournayellidae,Mstinia,339.5,330.9
Tournayellida,Tournayelloidea,Tournayellidae,Mstiniella,346.7,330.9
Tournayellida,Tournayelloidea,Tournayellidae,Neobrunsiina,358.9,330.9
Tournayellida,Tournayelloidea,Tournayellidae,Nevillea,346.7,330.9
Tournayellida,Tournayelloidea,Tournayellidae,Nodochernyshinella,358.9,346.7
Tournayellida,Tournayelloidea,Tournayellidae,Pohlia,346.7,330.9
Tournayellida,Tournayelloidea,Tournayellidae,Pseudolituotubella,351,339.5
Tournayellida,Tournayelloidea,Tournayellidae,Rectoseptatournayella,358.9,346.7
Tournayellida,Tournayelloidea,Tournayellidae,Rectotournayellina,372.2,346.7
Tournayellida,Tournayelloidea,Tournayellidae,Septabrunsiina,358.9,346.7
Tournayellida,Tournayelloidea,Tournayellidae,Septaforschia,358.9,346.7
Tournayellida,Tournayelloidea,Tournayellidae,Septaglomospiranella,358.9,346.7
Tournayellida,Tournayelloidea,Tournayellidae,Septatournayella,372.2,330.9
Tournayellida,Tournayelloidea,Tournayellidae,Spinobrunsiina,358.9,330.9
Tournayellida,Tournayelloidea,Tournayellidae,Spinolaxina,346.7,330.9
Tournayellida,Tournayelloidea,Tournayellidae,Spinotournayella,351,346.7
Tournayellida,Tournayelloidea,Tournayellidae,Tournayella,358.9,330.9
Tournayellida,Tournayelloidea,Tournayellidae,Tournayellina,372.2,346.7
Tournayellida,Tournayelloidea,Tournayellidae,Uviella,358.9,330.9
Tournayellida,Tournayelloidea,Tournayellidae,Viseina,346.7,330.9
Tournayellida,Tournayelloidea,Palaeospiroplectamminidae,Endospiroplectammina,351,336.8
Tournayellida,Tournayelloidea,Palaeospiroplectamminidae,Eotextularia,351,336.8
Tournayellida,Tournayelloidea,Palaeospiroplectamminidae,Halenia,346.7,330.9
Tournayellida,Tournayelloidea,Palaeospiroplectamminidae,Palaeospiroplectammina,346.7,339.5
Tournayellida,Tournayelloidea,Palaeospiroplectamminidae,Rectochernyshinella,368.7,351
Fusulinida,Ozawainelloidea,Ozawainellidae,Chenella,265.1,259.8
Fusulinida,Ozawainelloidea,Ozawainellidae,Eoparastaffella,351,339.5
Fusulinida,Ozawainelloidea,Ozawainellidae,Eostaffella,346.7,259.8
Fusulinida,Ozawainelloidea,Ozawainellidae,Eostaffelloides,265.1,259.8
Fusulinida,Ozawainelloidea,Ozawainellidae,Millerella,330.9,298.9
Fusulinida,Ozawainelloidea,Ozawainellidae,Ozawainella,330.9,259.8
Fusulinida,Ozawainelloidea,Ozawainellidae,Pamirina,295.5,272.3
Fusulinida,Ozawainelloidea,Ozawainellidae,Pseudonovella,318.3,307
Fusulinida,Ozawainelloidea,Ozawainellidae,Quasireichelina,272.3,259.8
Fusulinida,Ozawainelloidea,Ozawainellidae,Reichelina,265.1,259.8
Fusulinida,Ozawainelloidea,Ozawainellidae,Sichotenella,265.1,259.8
Fusulinida,Ozawainelloidea,Ozawainellidae,Zarodella,295.5,290.1
Fusulinida,Ozawainelloidea,Pseudostaffellidae,Hubeiella,330.9,323.2
Fusulinida,Ozawainelloidea,Pseudostaffellidae,Kangvarella,265.1,259.8
Fusulinida,Ozawainelloidea,Pseudostaffellidae,Mediocris,342.9,310.3
Fusulinida,Ozawainelloidea,Pseudostaffellidae,Neostaffella,315.2,307
Fusulinida,Ozawainelloidea,Pseudostaffellidae,Ninella,346.7,330.9
Fusulinida,Ozawainelloidea,Pseudostaffellidae,Pseudostaffella,323.2,307
Fusulinida,Ozawainelloidea,Pseudostaffellidae,Rauserella,279.3,272.3
Fusulinida,Ozawainelloidea,Pseudostaffellidae,Toriyamaia,298.9,272.3
Fusulinida,Ozawainelloidea,Staffellidae,Chenia,279.3,272.3
Fusulinida,Ozawainelloidea,Staffellidae,Nankinella,295.5,254.2
Fusulinida,Ozawainelloidea,Staffellidae,Pisolina,298.9,272.3
Fusulinida,Ozawainelloidea,Staffellidae,Pseudoendothyra,346.7,290.1
Fusulinida,Ozawainelloidea,Staffellidae,Staffella,290.1,272.3
Fusulinida,Ozawainelloidea,Kahlerinidae,Kahlerina,272.3,259.8
Fusulinida,Schubertelloidea,Schubertellidae,Biwaella,300.9,272.3
Fusulinida,Schubertelloidea,Schubertellidae,Boultonia,298.9,290.1
Fusulinida,Schubertelloidea,Schubertellidae,Codonofusiella,259.8,252.2
Fusulinida,Schubertelloidea,Schubertellidae,Dunbarula,265.1,259.8
Fusulinida,Schubertelloidea,Schubertellidae,Dutkevichites,303.7,295.5
Fusulinida,Schubertelloidea,Schubertellidae,Eoschubertella,315.2,307
Fusulinida,Schubertelloidea,Schubertellidae,Fusiella,315.2,307
Fusulinida,Schubertelloidea,Schubertellidae,Gallowaiina,254.2,252.2
Fusulinida,Schubertelloidea,Schubertellidae,Grovesella,319.4,265.1
Fusulinida,Schubertelloidea,Schubertellidae,Kwantoella,295.5,290.1
Fusulinida,Schubertelloidea,Schubertellidae,Lantschichites,259.8,252.2
Fusulinida,Schubertelloidea,Schubertellidae,Mesoschubertella,298.9,259.8
Fusulinida,Schubertelloidea,Schubertellidae,Minojapanella,265.1,252.2
Fusulinida,Schubertelloidea,Schubertellidae,Nanlingella,259.8,252.2
Fusulinida,Schubertelloidea,Schubertellidae,Neofusulinella,315.2,310.2
Fusulinida,Schubertelloidea,Schubertellidae,Neoschubertella,295.5,259.8
Fusulinida,Schubertelloidea,Schubertellidae,Palaeofusulina,254.2,252.2
Fusulinida,Schubertelloidea,Schubertellidae,Paradoxiella,265.1,259.8
Fusulinida,Schubertelloidea,Schubertellidae,Paradunbarula,265.1,259.8
Fusulinida,Schubertelloidea,Schubertellidae,Russiella,265.1,252.2
Fusulinida,Schubertelloidea,Schubertellidae,Schubertella,315.2,265.1
Fusulinida,Schubertelloidea,Schubertellidae,Schubertina,323.2,252.2
Fusulinida,Schubertelloidea,Schubertellidae,Sphaeroschwagerina,298.9,252.2
Fusulinida,Schubertelloidea,Schubertellidae,Yangchienia,298.9,259.8
Fusulinida,Fusulinoidea,Fusulinidae,Beedeina,315.2,307
Fusulinida,Fusulinoidea,Fusulinidae,Eofusulina,315.2,310.2
Fusulinida,Fusulinoidea,Fusulinidae,Eowedekindellina,323.2,315.2
Fusulinida,Fusulinoidea,Fusulinidae,Fusulina,315.2,307
Fusulinida,Fusulinoidea,Fusulinidae,Fusulinella,315.2,307
Fusulinida,Fusulinoidea,Fusulinidae,Hemifusulina,315.2,307
Fusulinida,Fusulinoidea,Fusulinidae,Obsoletes,307,303.7
Fusulinida,Fusulinoidea,Fusulinidae,Paraeofusulina,315.2,307
Fusulinida,Fusulinoidea,Fusulinidae,Parafusulinella,315.2,307
Fusulinida,Fusulinoidea,Fusulinidae,Profusulinella,319.4,310.2
Fusulinida,Fusulinoidea,Fusulinidae,Protriticites,308.2,303.7
Fusulinida,Fusulinoidea,Fusulinidae,Quasifusulina,315.2,290.1
Fusulinida,Fusulinoidea,Fusulinidae,Skinnerella,279.3,272.3
Fusulinida,Fusulinoidea,Fusulinidae,Wedekindellina,315.2,307
Fusulinida,Schwagerinoidea,Schwagerinidae,Carbonoschwagerina,303.7,298.9
Fusulinida,Schwagerinoidea,Schwagerinidae,Chalaroschwagerina,290.1,272.3
Fusulinida,Schwagerinoidea,Schwagerinidae,Chusenella,295.5,259.8
Fusulinida,Schwagerinoidea,Schwagerinidae,Cuniculinella,290.1,272.3
Fusulinida,Schwagerinoidea,Schwagerinidae,Daixina,303.7,295.5
Fusulinida,Schwagerinoidea,Schwagerinidae,Dunbarinella,303.7,290.1
Fusulinida,Schwagerinoidea,Schwagerinidae,Eoparafusulina,297.1,279.3
Fusulinida,Schwagerinoidea,Schwagerinidae,Eopolydiexodina,268.8,265.1
Fusulinida,Schwagerinoidea,Schwagerinidae,Monodiexodina,298.9,259.8
Fusulinida,Schwagerinoidea,Schwagerinidae,Montiparus,307,303.7
Fusulinida,Schwagerinoidea,Schwagerinidae,Parafusulina,272.3,252.2
Fusulinida,Schwagerinoidea,Schwagerinidae,Paraschwagerina,298.9,295.5
Fusulinida,Schwagerinoidea,Schwagerinidae,Polydiexodina,265.1,259.8
Fusulinida,Schwagerinoidea,Schwagerinidae,Pseudofusulina,299.6,272.3
Fusulinida,Schwagerinoidea,Schwagerinidae,Pseudoschwagerina,298.9,272.3
Fusulinida,Schwagerinoidea,Schwagerinidae,Schwagerina,295.5,279.3
Fusulinida,Schwagerinoidea,Schwagerinidae,Skinnerina,272.3,268.8
Fusulinida,Schwagerinoidea,Schwagerinidae,Taiyuanella,268.8,265.1
Fusulinida,Schwagerinoidea,Schwagerinidae,Triticites,307,290.1
Fusulinida,Schwagerinoidea,Schwagerinidae,Zellia,295.5,290.1
Fusulinida,Neoschwagerinoidea,Verbeekinida,Verbeekina,272.3,259.8
Fusulinida,Neoschwagerinoidea,Verbeekinida,Brevaxina,279.3,266.8
Fusulinida,Neoschwagerinoidea,Misellinidae,Misellina,279.3,266.8
Fusulinida,Neoschwagerinoidea,Pseudodoliolinidae,Pseudodoliolina,290.1,259.8
Fusulinida,Neoschwagerinoidea,Neoschwagerinidae,Cancellina,272.3,259.8
Fusulinida,Neoschwagerinoidea,Neoschwagerinidae,Neoschwagerina,268.8,259.8
Fusulinida,Neoschwagerinoidea,Neoschwagerinidae,Sumatrina,265.1,259.8
Fusulinida,Neoschwagerinoidea,Neoschwagerinidae,Yabeina,272.3,259.8
